;BAFTA;DGA;GlobodeOuro;Gotham;NationalBoard;PGA;SAG;Satellite;Oscar
BAFTA;1.0;0.5377006501037439;0.5842313713678164;-0.15108083992962584;-0.202739589383379;0.43461538461538435;0.05769230769230769;0.02534244867292232;0.22918388365077608
DGA;0.5377006501037439;1.0;0.2471242552093366;-0.042572082344622446;-0.1515151515151516;0.5377006501037442;0.10577717706958896;0.1136363636363636;0.5151515151515151
GlobodeOuro;0.5842313713678164;0.2471242552093366;1.0;-0.14013431397310988;-0.1303018800194683;0.1999718116762324;0.007842031830440473;-0.011232920691333477;0.12131554346640157
Gotham;-0.15108083992962584;-0.042572082344622446;-0.14013431397310988;1.0;-0.28097574347450816;-0.029720820969762456;-0.029720820969762474;-0.061729519399702594;0.07662974822032043
NationalBoard;-0.202739589383379;-0.1515151515151516;-0.1303018800194683;-0.28097574347450816;1.0;-0.07933288280219182;-0.20273958938337902;-0.15151515151515155;-0.09090909090909091
PGA;0.43461538461538435;0.5377006501037442;0.1999718116762324;-0.029720820969762456;-0.07933288280219182;1.0;0.246153846153846;0.13332331693146116;0.5994040033943379
SAG;0.05769230769230769;0.10577717706958896;0.007842031830440473;-0.029720820969762474;-0.20273958938337902;0.246153846153846;1.0;-0.02864798545634707;0.4142939435225569
Satellite;0.02534244867292232;0.1136363636363636;-0.011232920691333477;-0.061729519399702594;-0.15151515151515155;0.13332331693146116;-0.02864798545634707;1.0;0.1136363636363637
Oscar;0.22918388365077608;0.5151515151515151;0.12131554346640157;0.07662974822032043;-0.09090909090909091;0.5994040033943379;0.4142939435225569;0.1136363636363637;1.0
